-1,-1,-1,date,dateTarget,topic,descrption,-1,0
0,0,0,2021-11-25 11:55:23,2021-11-27 00:00:00,Test,Test1,-1,0
1,0,0,2021-11-25 12:00:15,2021-11-28 00:00:00,Tomorow,Tomoro test,-1,0
2,0,0,2021-11-25 19:22:47,2021-11-28 00:00:01,Test add datetime,test test,-1,0
3,0,0,2021-11-25 19:49:16,2021-12-05 00:00:00,Father died,He's died,-1,0
4,0,1,2021-11-25 22:23:05,00:00:00,Timetable,this is timetable1,1,0
5,0,1,2021-11-25 22:45:44,12:00:00,TimeTable1,test,2,0
7,0,2,2021-11-26 10:57:02,-1,Note1,This note,-1,0
8,0,2,2021-11-26 10:57:05,-1,Note2,This note,-1,0
9,0,2,2021-11-26 10:57:10,-1,Note3,This note,-1,0
10,0,1,2021-11-25 22:45:44,12:00:00,TimeTable2,test,5,0
11,0,1,2021-11-25 22:45:44,12:00:00,TimeTable3,test,4,0
